description,micro,macro
"""top stitch detail gloves""",Gloves,Accessories
"""Mykita Green Damir Doma Edition DD2.3 Sunglasses""",Eyewear,Accessories
"""Balenciaga Men's Explorer Nylon Belt Bag - Noir""",Bags,Accessories
"""Nike Squad Crew Socks""",Socks,Accessories
"""Cartier Men's 62MM Round Metal Sunglasses - Gold""",Eyewear,Accessories
"""Linda Farrow Luxe Black and Gold Seymour Sunglasses""",Eyewear,Accessories
"""panelled gloves""",Gloves,Accessories
"""Tom Ford Men's Holt 54MM Square Sunglasses - Black""",Eyewear,Accessories
"""Salvatore Ferragamo Everton Adjustable \u0026 Reversible Belt""",Belts,Accessories
"""Off-White - Industrial Strap Nylon Belt Bag - Mens - Black""",Bags,Accessories
"""Givenchy Black Downtown Belt Bag""",Bags,Accessories
"""Tom Ford Men's 62MM Rounded Aviator Sunglasses - White Brown""",Eyewear,Accessories
"""AMI Paris Men's Logo Baseball Cap - Off White""",Hats,Accessories
"""Givenchy Triple-Logo Leather Card Case""",Wallets,Accessories
"""Guccy iPhone 8 Plus case""",Tech Accessories,Accessories
"""Tateossian Men's Compass Mechanical Cuff Links - Silver Black""",Cufflinks,Accessories
"""Tateossian Men's Button Ice Square Cufflinks - Blue""",Cufflinks,Accessories
"""Paul Smith - Bicycle Cufflinks - Mens - Silver""",Cufflinks,Accessories
"""layered two tone gloves""",Gloves,Accessories
"""Cartier Men's 60MM Aviator Sunglasses - Gold""",Eyewear,Accessories
"""Moschino Logo iPhone XS Max iPhone Case with Chain""",Tech Accessories,Accessories
"""Howlin' Mr. Fingers Gloves""",Gloves,Accessories
"""Sharp Wings Print Tech Iphone Xs Case""",Tech Accessories,Accessories
"""Christian Louboutin - Loubiphone Rubber IphoneÂ® 7/8 Plus Case - Mens - Black Multi""",Tech Accessories,Accessories
"""Dries Van Noten 4cm Black Suede-Trimmed Webbing Belt""",Belts,Accessories
"""Dents Shaftesbury Touchscreen Cashmere-Lined Leather Gloves""",Gloves,Accessories
"""Zeal Optics - Hatchet Interchangeable-lens Ski Goggles - Mens - Black""",Eyewear,Accessories
"""Anderson's Sueded Leather Belt""",Belts,Accessories
"""VLTN camouflage tie""",Ties,Accessories
"""monogram e-canvas belt""",Belts,Accessories
"""Tom Ford Men's 51MM Plastic Blue Filter Optical Glasses - Grey""",Eyewear,Accessories
"""Givenchy Printed Shell Baseball Cap""",Hats,Accessories
"""Gucci - Round-frame Acetate Glasses - Mens - Black""",Eyewear,Accessories
"""Fendi Men's 99MM Logo Fashion Shield Sunglasses""",Eyewear,Accessories
"""Brunello Cucinelli Men's Dotted Floral-Print Pocket Square - Orange""",Pocket Squares,Accessories
"""Pagooh belt""",Belts,Accessories
"""Techno Pouch Gloves""",Gloves,Accessories
"""round tortoise-shell sunglasses""",Eyewear,Accessories
"""Carrera Men's 62MM Shield Sunglasses - Black""",Eyewear,Accessories
"""Gucci - Clover-print Silk Pocket Square - Mens - Navy""",Pocket Squares,Accessories
"""Airport Wool-Blend Socks""",Socks,Accessories
"""Gucci Blue GG Velvet Belt Bag""",Bags,Accessories
"""logo print pocket square""",Pocket Squares,Accessories
"""Brunello Cucinelli Men's Reversible Print Woven Pocket Square - Ruby""",Pocket Squares,Accessories
"""OrSlow Herringbone Cotton Bucket Hat""",Hats,Accessories
"""Dior Homme Grey Transparent DiorMercure Sunglasses""",Eyewear,Accessories
"""Hestra Shearling Mittens""",Gloves,Accessories
"""iPhone XR phone case""",Tech Accessories,Accessories
"""Thom Browne - Mirrored Aviator-frame Sunglasses - Mens - Black""",Eyewear,Accessories
"""Versace Underwear Black and Blue Barocco Towel""",Scarves,Accessories
"""Men's Nike Lore Square Sunglasses - Mt Dk Grey/ Black/ Grey W Sil""",Eyewear,Accessories
"""Dita Rose Gold and Gunmetal Initiator Sunglasses""",Eyewear,Accessories
"""Tennis Embroidered Canvas Baseball Hat""",Hats,Accessories
"""Db Round Metal Sunglasses""",Eyewear,Accessories
"""Isaia Men's Woven Wool Pocket Square - Blue""",Pocket Squares,Accessories
"""Reversible belt""",Belts,Accessories
"""Tateossian Men's Prezioso Watch Rhodium Cufflinks - Lapis""",Cufflinks,Accessories
"""Men's Boss Ean Cuff Links""",Cufflinks,Accessories
"""eye print iPhone X case""",Tech Accessories,Accessories
"""Modern Cut Oversized Check Silk Tie""",Ties,Accessories
"""Men's Christian Louboutin Logo Buckle Leather Belt""",Belts,Accessories
"""Calvin Klein - Embroidered Technical Belt Bag - Mens - Black White""",Bags,Accessories
"""Brunello Cucinelli Men's Birdseye Dot Pocket Square - Brown""",Pocket Squares,Accessories
"""adjustable industrial logo belt""",Belts,Accessories
"""Astor belt """,Belts,Accessories
"""Ermenegildo Zegna Men's Grid Print Silk Pocket Square - Blue""",Pocket Squares,Accessories
"""Brunello Cucinelli Men's Quad Silk Pocket Square - Red""",Pocket Squares,Accessories
"""Ami - Fringed Leather Moccasins - Mens - Black""",Socks,Accessories
"""3D cross iPhone XS max case""",Tech Accessories,Accessories
"""hand print iPhone XR case""",Tech Accessories,Accessories
"""Deakin \u0026 Francis - Wheel Sterling-silver Cufflinks - Mens - Brown""",Cufflinks,Accessories
"""Kuboraum Silver and Green H70 Sunglasses""",Eyewear,Accessories
"""Marine Serre Black Moire Logo Cap""",Hats,Accessories
"""Gucci 7cm Logo-Jacquard Silk Tie""",Ties,Accessories
"""Men's Brackish \u0026 Bell Bevy Feather Pocket Square""",Pocket Squares,Accessories
"""Loro Piana Damon Baby Cashmere-Lined Suede Gloves""",Gloves,Accessories
"""logo plaque belt""",Belts,Accessories
"""logo gloves""",Gloves,Accessories
"""Ermenegildo Zegna Men's Patterned Silk Pocket Square - Blue""",Pocket Squares,Accessories
"""Tom Ford Men's 56MM Plastic Square Sunglasses - Colored Havana Blue""",Eyewear,Accessories
"""Loewe - Masque Acetate Sunglasses - Mens - Brown""",Eyewear,Accessories
"""buckel belt""",Belts,Accessories
"""two tone braces""",Belts,Accessories
"""Men's Ball Track Pants""",Active Pants,Clothes
"""Men's Paris By Night Brushed Fleece Oversized Hoodie Sweatshirt""",Sweatshirts/Hoodies,Clothes
"""Reigning Champ - Loopback Cotton-jersey Track Pants - Mens - Black""",Active Pants,Clothes
"""distressed print track pants""",Active Pants,Clothes
"""Burberry - Atler House-checked Cotton-jersey Track Pants - Mens - Black""",Active Pants,Clothes
"""Gucci Brown Jacquard Gucci Rhombus Track Pants""",Active Pants,Clothes
"""Men's Basel 1 Jersey Zip-Front Hoodie""",Sweatshirts/Hoodies,Clothes
"""Kenzo jogging bottoms""",Active Pants,Clothes
"""Le Pop Classique print nylon sweatpants""",Active Pants,Clothes
"""Men's Dune Crewneck Sweatshirt""",Sweatshirts/Hoodies,Clothes
"""Unfinished jogging pants""",Active Pants,Clothes
"""Cotton Blend Sweat Pants""",Active Pants,Clothes
"""Men's Striped Crewneck Pullover Sweatshirt""",Sweatshirts/Hoodies,Clothes
"""Reaper Print Sweatshirt Hoodie""",Sweatshirts/Hoodies,Clothes
"""Men's Stretch-Cotton Zip Sweatshirt w/ Logo Tag""",Sweatshirts/Hoodies,Clothes
"""Zip-up Cotton Blend Sweatshirt Hoodie""",Sweatshirts/Hoodies,Clothes
"""Cdlp - Pack Of Nine Stretch-jersey Boxer Briefs - Mens - Multi""",Active Pants,Clothes
"""Kenzo All Over round-necked sweatshirt""",Sweatshirts/Hoodies,Clothes
"""Balenciaga - Logo-print Cotton Track Pants - Mens - Cream""",Active Pants,Clothes
"""VETEMENTS Anarchy Tracksuit Pants in Red""",Active Pants,Clothes
"""Amiri - Souvenir Dragon-embroidered Track Pants - Mens - Red""",Active Pants,Clothes
"""GG Jersey jogging pants""",Active Pants,Clothes
"""Men's Zip-Front Cashmere Hoodie""",Sweatshirts/Hoodies,Clothes
"""Men's Solomeo Blend Crewneck Sweatshirt""",Sweatshirts/Hoodies,Clothes
"""Y-3 - Wide-leg Technical-blend Track Pants - Mens - Black""",Active Pants,Clothes
"""Burberry Men's Dryden TB Crewneck Sweatshirt - Black """,Sweatshirts/Hoodies,Clothes
"""Dsquared2 Men's Icon Graphic Jogging Pants - Red Black """,Active Pants,Clothes
"""Burberry Trackpants in Red""",Active Pants,Clothes
"""Men's Icebreaker Amplify Crewneck T-Shirt""",Shirts,Clothes
"""Moncler 1952 x Awake - Jogging""",Active Pants,Clothes
"""Y-3 Yohji Yamamoto Color Block Shell Track Pant in Blue,Red,Black""",Active Pants,Clothes
"""Men's Tapered Jersey Jogger Pants""",Active Pants,Clothes
"""Reigning Champ Men's Winter Polartec Fleece Sweatshirt - Charcoal """,Sweatshirts/Hoodies,Clothes
"""Wales Bonner - Palms Crocheted Side-stripe Cotton Track Pants - Mens - Dark Brown""",Active Pants,Clothes
"""Men's Club Monaco Crewneck Pocket T-Shirt""",Shirts,Clothes
"""Men's Club Tonal Logo Sweatshirt""",Sweatshirts/Hoodies,Clothes
"""Train 7 Acetate Sweatshirt \u0026 Sweatpants""",Active Pants,Clothes
"""Men's Grateful Dead Bear Graphic Hoodie""",Sweatshirts/Hoodies,Clothes
"""Gucci Men's Loose-Fit Technical Jersey Jogging Pants - Black Multi """,Active Pants,Clothes
"""Bianca Saunders - Deep Split Side Zip Technical Track Pants - Mens - Black""",Active Pants,Clothes
"""Givenchy - Contrast-stripe Cotton-blend Track Pants - Mens - Black Red""",Active Pants,Clothes
"""Fragment Nylon Track Pants""",Active Pants,Clothes
"""Dsquared2 Men's Ski Fit Side-Paneled Fleece Track Pants - Black """,Active Pants,Clothes
"""Men's Heathered Velour Zip-Front Hoodie""",Sweatshirts/Hoodies,Clothes
"""Men's Bottega Veneta Cotton Crewneck T-Shirt""",Shirts,Clothes
"""True Religion Men's Racing Stripe Sweatpants - Blk Mlch """,Active Pants,Clothes
"""OFF-WHITE Tape Arrows Slim Sweatpant in Black""",Active Pants,Clothes
"""Jogging trousers""",Active Pants,Clothes
"""Men's Hutton Track Pants""",Active Pants,Clothes
"""Men's Change We Need Pullover Hoodie""",Sweatshirts/Hoodies,Clothes
"""Joggers""",Active Pants,Clothes
"""John Elliott - Escobar Loop-back Cotton Jersey Track Pants - Mens - Dark Grey""",Active Pants,Clothes
"""Men's Solid Gravity Jogger Pants""",Active Pants,Clothes
"""A.P.C. Men's APC x Carharrt Matte Logo Fleece Sweatshirt - Khaki """,Sweatshirts/Hoodies,Clothes
"""Men's Cotton Pullover Hoodie""",Sweatshirts/Hoodies,Clothes
"""Cotton Blend Track Pants""",Active Pants,Clothes
"""Burberry - Marshall Logo-embroidered Cotton Track Pants - Mens - Navy""",Active Pants,Clothes
"""Palm Angels - Logo-print Striped Track Pants - Mens - Purple White""",Active Pants,Clothes
"""Burberry Men's Colorblock Velvet Track Pants - Dark Walnut """,Active Pants,Clothes
"""Men's Cut-And-Sewn GG-Logo Track Pants""",Active Pants,Clothes
"""Officine Generale Men's Clement Exposed-Seam Sweatshirt - Rosebud """,Sweatshirts/Hoodies,Clothes
"""Men's Gr10K Bicolor Cotton Hoodie""",Sweatshirts/Hoodies,Clothes
"""Men's Airport Tape Slim Zip-Front Hoodie""",Sweatshirts/Hoodies,Clothes
"""Men's Derring Side-Striped Track Pants""",Active Pants,Clothes
"""Men's Stripe Track Pants""",Active Pants,Clothes
"""On - Hooded Technical-jersey Performance Sweatshirt - Mens - Navy""",Sweatshirts/Hoodies,Clothes
"""Fendi - Ff Logo Track Pants - Mens - Brown Multi""",Active Pants,Clothes
"""Nylon Track Pants W/ Logo Band""",Active Pants,Clothes
"""Men's Knit Jogging Pants with Piping""",Active Pants,Clothes
"""Men's Rodd \u0026 Gunn Oak St Hoodie""",Sweatshirts/Hoodies,Clothes
"""Men's Nylon Ripstop Track Pants""",Active Pants,Clothes
"""Men's Kappa 222 Banda Rastoriazz Slim Fit Track Pants""",Active Pants,Clothes
"""Workwear Cotton Sweatshirt Hoodie""",Sweatshirts/Hoodies,Clothes
"""Oversized Taped Techno Track Pants""",Active Pants,Clothes
"""2 Moncler 1952 - Drawstring-cuff Track Pants - Mens - White""",Active Pants,Clothes
"""Men's River Trail Track Pants""",Active Pants,Clothes
"""Printed jogging bottoms""",Active Pants,Clothes
"""Reigning Champ Men's Cotton Terry Hoodie - Bright Red """,Sweatshirts/Hoodies,Clothes
"""Nike Grey NRG ISPA Adjustable Track Pants""",Active Pants,Clothes
"""Men's Bay Graphic Sweatshirt""",Sweatshirts/Hoodies,Clothes
"""Men's Side-Stripe Straight-Leg Track Pants""",Active Pants,Clothes
"""Reebok by Pyer Moss Green Collection 3 Franchise Track Pants""",Active Pants,Clothes
"""Men's Striped Easy-Fit Pullover Hoodie""",Sweatshirts/Hoodies,Clothes
"""Jorasses Bubble Loft Polar Sweatshirt""",Sweatshirts/Hoodies,Clothes
"""Off-White Orange Nylon Track Pants""",Active Pants,Clothes
"""Moschino Men's Logo Stripe Sweatshirt - Black """,Sweatshirts/Hoodies,Clothes
"""Ralph Lauren Purple Label Men's Hensley Button-Placket Hoodie - Navy Blue """,Sweatshirts/Hoodies,Clothes
"""Cotton Chenille Track Pants W/ Side Zip""",Active Pants,Clothes
"""Tech Jogging Pants W/ Wings Patch""",Active Pants,Clothes
"""Men's Lindley Cashmere Zip-Front Hoodie""",Sweatshirts/Hoodies,Clothes
"""Ralph Lauren Purple Label - Technical-fleece Track Pants - Mens - Grey""",Active Pants,Clothes
"""Men's Blake Graphic Sweatshirt""",Sweatshirts/Hoodies,Clothes
"""Gucci - GG Supreme Web-stripe Track Pants - Mens - Camel""",Active Pants,Clothes
"""Helmut Lang Men's Masc Monogram Cotton Sweatshirt - Precision """,Sweatshirts/Hoodies,Clothes
"""Y-3 Yohji Yamamoto CL Track Pant in Black""",Active Pants,Clothes
"""Jogging Wool Blend Gabardine Pants""",Active Pants,Clothes
"""Valentino - Logo Track Pants - Mens - Black""",Active Pants,Clothes
Faces Canada Magneteyes Eyeliner & Natural Weightless Matte Compact Combo,Eyes,Beauty & Hygiene
"The Colossal Kajal & Bold Eye Liner - Eye Essential Kit, Water Proof, Long Lasting",Eyes,Beauty & Hygiene
"Back & Bum Anti-Cellulite Cream - With Coconut & Peach Extracts, Firms The Skin",Intimate Wash & Care,Beauty & Hygiene
"Radiance Pro SPF 30 Sun Screen Gel - Saxifraga & Grape Fruit Extracts, Oil Control, Paraben Free",Face Care,Beauty & Hygiene
Absolute - Nourishing Nail Oil,Nails,Beauty & Hygiene
Snigdha Skin Whitening Night Cream,Face Care,Beauty & Hygiene
"Premium Nail Enamel - Top Coat, Non-Toxic",Nails,Beauty & Hygiene
Beer Shampoo - Anti Dandruff,Bath & Shower,Beauty & Hygiene
Apple Cider Vinegar,Ayurveda,Beauty & Hygiene
"Top Gummy - Vitamin C + Zinc, Orange",Supplements & Proteins,Beauty & Hygiene
Skin Whitening Soap - Bath & Body Glutathione,Bathing Bars & Soaps,Beauty & Hygiene
"Swarn Malni Vasant Ras(Brihant) 12 Tablets - Helps Improve Immunity, Cardiac Health.",Ayurveda,Beauty & Hygiene
"Swarn Malni Vasant Ras(Brihant) Tablets - Helps Improving Immunity, Cardiac Health.",Ayurveda,Beauty & Hygiene
"Swarn Malni Vasant Ras(Brihant) Tablets - Helps Improving the Immunity, Fights Diseases",Ayurveda,Beauty & Hygiene
"Tea Tree Shampoo - With Aloe Vera, Bhringraj, Anti Dandruff, No Parabens",Ayurveda,Beauty & Hygiene
6-In-1 Sensitive Trimmer For Women,Hair Removal,Beauty & Hygiene
"Professional Salon Series Diamond Facial Kit - For Young & Flawless Skin Tone, Paraben Free",Face Care,Beauty & Hygiene
"Shadang Juice - Organic, Increases Platelets, Helpful in Heartburn",Ayurveda,Beauty & Hygiene
Bava Sutra Capsules - For Bleeding Piles & Non Bleeding Management,Ayurveda,Beauty & Hygiene
"Sports Eau De Perfume - Natural Spray, Long Lasting Fragrance",Eau De Parfum,Beauty & Hygiene
"Fitkari After Shave Gel - Musk Antiseptic Formula, Fights Acne & Calms Irritation",Shaving Care,Beauty & Hygiene
"Tres Nuit Lyric - Pour Homme, Eau De Parfum, For Men, Long-lasting Fragrance",Eau De Parfum,Beauty & Hygiene
"Hair Remover Wax Strips - With Coconut Milk Extract, For Sensitive Skin",Hair Removal,Beauty & Hygiene
"Brihat Kasturi Bhairav Ras Tablets - Relieves Chronic Fever, Malaria, Cough & Cold",Ayurveda,Beauty & Hygiene
"Brihat Kasturi Bhairav Ras Tablets  - Relieves Chronic Fever, Malaria,  Cough & Cold",Ayurveda,Beauty & Hygiene
"Brihat Somnath Ras Tablets - For Women, Improves Gonorrhoea, Relieves Weakness",Ayurveda,Beauty & Hygiene
Brihat Somnath Ras Tablets - General weakness & Improving Energy Level | Internal problem in female | Fatigue | Gonorrhoea.,Ayurveda,Beauty & Hygiene
"Brihat Vat Chintamani Ras Tablets - Cell Regeneration, Treats Anaemia & Lungs Issues",Ayurveda,Beauty & Hygiene
"Tea Tree Shampoo - Patchouli & Aloe Vera, For Dandruff",Shampoo & Conditioner,Beauty & Hygiene
"Chaturbhuj Ras Tablets - Helpful In Neurological Disorders, Tuberculosis,Chronic Fever",Ayurveda,Beauty & Hygiene
"Chaturbhuj Ras Tablets - Helpful In Neurological Disorders, Tuberculosis, Chronic Fever",Ayurveda,Beauty & Hygiene
"Chaturbhuj Ras Tablets - Helpful In Neurological Disorders,Tuberculosis,Chronic Fever",Ayurveda,Beauty & Hygiene
Rouge Plump ++ Lipstick SPF 10 - #732,Lips,Beauty & Hygiene
Wheat Grass 500 mg Capsules - Boosts Immune System,Ayurveda,Beauty & Hygiene
"Mastana Lep - Ayurvedic Remedy For Men, For Stamina & Muscles Strength",Ayurveda,Beauty & Hygiene
Hand & Nail Cream - 4 Precious Herbs,Body Care,Beauty & Hygiene
"Bobby Pins/Hair Clips - Lightweight, Durable, For Women, Black, DP100210",Tools & Accessories,Beauty & Hygiene
"OMega3 Capsules - Pure Veg, No Burp",Ayurveda,Beauty & Hygiene
"Nail Clipper/Cutter- Chromium-Plated Metal, Rustproof, Medium, DP100123",Nails,Beauty & Hygiene
Wild Set for Women,Gift Sets,Beauty & Hygiene
Turmeric Shaving Foam - Home & Salon Use,Shaving Care,Beauty & Hygiene
"Onion Oil Shampoo - Promotes Hair Growth, No Parabens & No Sulphate",Ayurveda,Beauty & Hygiene
"Swas Kas Chintamani Ras Tablets - Respiratory Disease Relief, Balance Vata and Kapha",Ayurveda,Beauty & Hygiene
Diamond Lipgloss,Lips,Beauty & Hygiene
Skin Oil - Acne,Face Care,Beauty & Hygiene
"Very High Protection SPF 50+ Cleanance - Mattifying, For Oily, Blemish-Prone Skin, Paraben Free",Face Care,Beauty & Hygiene
"Oxy Meal Syrup - For Heartburn, Gastric Issues, Stomach Pain",Ayurveda,Beauty & Hygiene
"Trilokya Chintamanin Ras Tablets - Promotes Strength, Stamina, Digestive Strength",Ayurveda,Beauty & Hygiene
"Trilokya Chintamanin Ras Tablets -  Promotes Strength Digestive Strength, Respiratory System",Ayurveda,Beauty & Hygiene
"Maha Yograj Guggulu Tablets - Regulates Serotonin Levels, Reduces Inflammation",Ayurveda,Beauty & Hygiene
9 Color Matte & Glitter Eyeshadow Palette - Highly Pigmented,Eyes,Beauty & Hygiene
21 Color Eyeshadow Palette - Highly Pigmented,Eyes,Beauty & Hygiene
Lemon Face & Body Scrub  For Tan Removal & Exfoliation,Face Care,Beauty & Hygiene
"Tea Tree Essential Oil - Durable & Pronounced Smell, For Bath & Massage",Body Care,Beauty & Hygiene
"Rosemary Essential Oil - Durable & Pronounced Smell, For Bath & Massage",Body Care,Beauty & Hygiene
"Eucalyptus Essential Oil - Durable & Pronounced Smell, For Bath & Massage",Body Care,Beauty & Hygiene
Digestion Pack,Ayurveda,Beauty & Hygiene
1981 Eau De Toilette Pour Homme,Eau De Toilette,Beauty & Hygiene
Beardo Beard Activator - 0.5 mm,Moustache & Beard Care,Beauty & Hygiene
Rose Glycerine Soap,Bathing Bars & Soaps,Beauty & Hygiene
"Tranquillity Ylang Ylang, Rosewood & Rose",Aromatherapy,Beauty & Hygiene
Rosemary Pure Essential Oil,Aromatherapy,Beauty & Hygiene
"Makardhwaj Bati - Restores Stamina & Immunity, Helpful In Depression",Ayurveda,Beauty & Hygiene
Bentonite Clay Powder - Removes Toxins From Skin,Face & Body,Beauty & Hygiene
"Hair/Rubber/Tie/Elastic/Pony Bands - Easy To Use, Medium, Brown, DP100202",Tools & Accessories,Beauty & Hygiene
Heavy Flow Pads Day & Night Sanitary Pads - Eco Conscious Certified Organic Top Sheet,Sanitary Napkins,Beauty & Hygiene
"Nail Polish - Sun Kissed - 111, Dusty Coral -102, Camel - 251, Zero-chip, Heavily Pigmented",Nails,Beauty & Hygiene
Mahajwarankush Ras Tablets - For Body Ache Relief,Ayurveda,Beauty & Hygiene
Bridal Face Scrub,Face Care,Beauty & Hygiene
Saw Palmetto Capsule - Promotes Hair Growth,Supplements & Proteins,Beauty & Hygiene
Skin Perfect 30+ Anti-Fine Lines Cream,Face Care,Beauty & Hygiene
Tulsi Drops Natural Drops,Ayurveda,Beauty & Hygiene
Slim & Detox - Natural Weight Loss Formula,Supplements & Proteins,Beauty & Hygiene
Protein Meal Replacement Shake - Nutritious & Delicious,Supplements & Proteins,Beauty & Hygiene
SuperFood Green & Fruits - Immunity Booster Advanced Multi-Supplement,Supplements & Proteins,Beauty & Hygiene
Daily Defense - Curcumin Extract With Piperine,Supplements & Proteins,Beauty & Hygiene
Pro 6 Advance Shaving Trial Kit For Men,Shaving Care,Beauty & Hygiene
"Adult Diapers - Super Breathable, Small",Adult Diapers,Beauty & Hygiene
"Green Mask Stick - PL107G, Provides, Deep Cleansing, Exfoliation, Blackhead Removal",Face Care,Beauty & Hygiene
Poornachandra Ras  Tablets - For Sexual Disorders & Premature Ejaculation,Ayurveda,Beauty & Hygiene
Poornachandra Ras Tablets - For Sexual Disorders & Premature Ejaculation,Ayurveda,Beauty & Hygiene
"Papaya Face Cream - With Turmeric & Aloevera Extract, Anti Blemish",Ayurveda,Beauty & Hygiene
Perfume Spray - Night,Body Sprays & Mists,Beauty & Hygiene
Eye Care - Vision For Digital Age,Supplements & Proteins,Beauty & Hygiene
"Biotin For Healthy Hair, Skin & Nail",Supplements & Proteins,Beauty & Hygiene
Anti Bacterial Disinfectant Sanitising Wipes - Alcohol Free,Hand Wash & Sanitizers,Beauty & Hygiene
"Men Turbo Bright Facewash - 2 In 1, Anti Pollution & Skin Brightening With Charcoal",Face Care,Beauty & Hygiene
"N95 Face Mask - Reusable, Protects From Pollution",Face Masks & Safety Gears,Beauty & Hygiene
Defining Brow Shaper - Brown,Eyes,Beauty & Hygiene
Foundation Blending Brush - 230,Makeup Accessories,Beauty & Hygiene
One Week Immunity Booster,Supplements & Proteins,Beauty & Hygiene
"Blush & Glow - Green Apple Apricot Gel Scrub, Gentle On Skin, Deep Cleansing",Face Care,Beauty & Hygiene
"Sunrise Instant Coffee-Chicory Mix, Rich In Aroma & Flavour,",Instant Coffee,Beverages
Sunrise Instant Coffee,Instant Coffee,Beverages
"Black Soft Drink - Max Taste, Zero Sugar(Diet)",Cold Drinks,Beverages
Soft Drink,Cold Drinks,Beverages
Cold Extracted Juice - Valencia Orange,"Unsweetened, Cold Press",Beverages
Valencia Orange  - 100% Natural Cold Pressed Juice,"Unsweetened, Cold Press",Beverages
"Cold Extracted Juice - Basics, Valencia Orange","Unsweetened, Cold Press",Beverages
Emperia Premium Tea 1kg+bb Royal Refined Sugar (Sulphurless) 2kg,Leaf & Dust Tea,Beverages
Emperia Premium Tea 500g+ bb Royal Refined Sugar (Sulphurless) 1kg,Leaf & Dust Tea,Beverages
Fruit Power Juice - Litchi,Juices,Beverages
India's No.1 Juice - Litchi,Juices,Beverages
Fruit Power - Litchi,Juices,Beverages
Grand Filter Coffee,Ground Coffee,Beverages
"Filter Coffee - Grand, Rich & Aromatic",Ground Coffee,Beverages
Cold Extracted Juice - Sugarcane,"Unsweetened, Cold Press",Beverages
Rice - Baskati,Boiled & Steam Rice,"Foodgrains, Oil & Masala"
Organic Roasted Bengal Gram Whole (Chana),Organic Dals & Pulses,"Foodgrains, Oil & Masala"
"Chatpata Chat Masala Powder - Spices & Herbs Blend, For Fruits, Salads",Blended Masalas,"Foodgrains, Oil & Masala"
Organic Foxtail Millet/Thinai Rava,Organic Millet & Flours,"Foodgrains, Oil & Masala"
Idli Sooji,"Sooji, Maida & Besan","Foodgrains, Oil & Masala"
Organic - Cashew/Godambi Broken,Organic Dry Fruits,"Foodgrains, Oil & Masala"
Anardana,Other Dry Fruits,"Foodgrains, Oil & Masala"
Dried Fruit - Cranberries,Other Dry Fruits,"Foodgrains, Oil & Masala"
Keya Chilli Flakes - Red 40 g Bottle + Oregano 9 g Bottle,Herbs & Seasoning,"Foodgrains, Oil & Masala"
Chat Masala,Powdered Spices,"Foodgrains, Oil & Masala"
Multimillet (Multigrain) Atta,Atta Whole Wheat,"Foodgrains, Oil & Masala"
Mustard/Sasive - Big,Whole Spices,"Foodgrains, Oil & Masala"
"Dates - Black, With Seeds",Other Dry Fruits,"Foodgrains, Oil & Masala"
"Sambhar Masala Powder - Exotic, Spices Blend, For Cooking",Blended Masalas,"Foodgrains, Oil & Masala"
"Pista - Irani, Roasted & Salted",Other Dry Fruits,"Foodgrains, Oil & Masala"
Italian Spice Mix,Herbs & Seasoning,"Foodgrains, Oil & Masala"
Red Chilli Flakes,Herbs & Seasoning,"Foodgrains, Oil & Masala"
Organic Rajma/Capparadavare Sharmili,Organic Dals & Pulses,"Foodgrains, Oil & Masala"
Pizza Oregano Spice Mix,Herbs & Seasoning,"Foodgrains, Oil & Masala"
Natives Chia Seeds,Other Dry Fruits,"Foodgrains, Oil & Masala"
Chia Seeds,Cereals & Millets,"Foodgrains, Oil & Masala"
Natural Jaggery/Bella Powder,Sugar & Jaggery,"Foodgrains, Oil & Masala"
Sabzi Masala 100 g + Turmeric Powder 200 g,Blended Masalas,"Foodgrains, Oil & Masala"
"Chicken Masala Powder - Exotic, Spices Blend, For Cooking",Blended Masalas,"Foodgrains, Oil & Masala"
Chicken Masala,Blended Masalas,"Foodgrains, Oil & Masala"
Organic Sprouted Ragi Powder/Ragi Hittu,Organic Flours,"Foodgrains, Oil & Masala"
"Ginger Garlic/Adrak Lehsun Paste - Thick & Grainy, No Artificial Colours",Cooking Pastes,"Foodgrains, Oil & Masala"
Misri - Diamond Sugar,Sugar & Jaggery,"Foodgrains, Oil & Masala"
Garam Masala 100 g+ Sabzi Masala 100 g,Blended Masalas,"Foodgrains, Oil & Masala"
"Sabzi Masala Powder - Exotic, Spices Blend, For Cooking",Blended Masalas,"Foodgrains, Oil & Masala"
Sabzi Masala,Blended Masalas,"Foodgrains, Oil & Masala"
Nature's Super Foods Organic Urad Dal Split/Uddina Bele,Organic Dals & Pulses,"Foodgrains, Oil & Masala"
Basmati Rice/Basmati Akki - Super Premium,Basmati Rice,"Foodgrains, Oil & Masala"
Basmati Rice - Super Premium,Basmati Rice,"Foodgrains, Oil & Masala"
Pecan Nuts - American,Other Dry Fruits,"Foodgrains, Oil & Masala"
Malabar Black Pepper Powder,Powdered Spices,"Foodgrains, Oil & Masala"
Dry Mango Powder,Blended Masalas,"Foodgrains, Oil & Masala"
Chhole Masala With No Garlic & Onion - Adds Flavour & Aroma,Blended Masalas,"Foodgrains, Oil & Masala"
Marathi Moggu,Whole Spices,"Foodgrains, Oil & Masala"
Multi-Purpose Seasoning,Herbs & Seasoning,"Foodgrains, Oil & Masala"
Organic Chana Dal - Rich In Protein & Dietary Fibre,Organic Dals & Pulses,"Foodgrains, Oil & Masala"
Amritsari Chhole Masala,Blended Masalas,"Foodgrains, Oil & Masala"
Fennel Delight,Mukhwas,"Foodgrains, Oil & Masala"
Dates/Kharjura - Ajwa,Other Dry Fruits,"Foodgrains, Oil & Masala"
Madrasi Saunf Mouth Freshener - Helps Boost Immunity & Digestion,Mukhwas,"Foodgrains, Oil & Masala"
Organic - Mustard Oil,"Organic Edible Oil, Ghee","Foodgrains, Oil & Masala"
Macadamia Nuts,Other Dry Fruits,"Foodgrains, Oil & Masala"
Dates/Kharjura - Mazafati,Other Dry Fruits,"Foodgrains, Oil & Masala"
Kasuri Methi,Organic Masalas & Spices,"Foodgrains, Oil & Masala"
Refined Olive Oil,Olive & Canola Oils,"Foodgrains, Oil & Masala"
Garden Mix Mouth Freshener - Helps Boost Immunity & Digestion,Mukhwas,"Foodgrains, Oil & Masala"
Garlic Paste,Cooking Pastes,"Foodgrains, Oil & Masala"
"Garlic Paste - No Added Colours, Thick & Grainy, Aroma Protected",Cooking Pastes,"Foodgrains, Oil & Masala"
Garlic Paste - No Added Colours,Cooking Pastes,"Foodgrains, Oil & Masala"
Meat Masala,Blended Masalas,"Foodgrains, Oil & Masala"
"Meat Masala Powder - Exotic, Spices Blend, For Cooking",Blended Masalas,"Foodgrains, Oil & Masala"
Organic Buckwheat Whole,"Organic Rice, Other Rice","Foodgrains, Oil & Masala"
"Tit Bit Mouth Freshener - Helps Boost Immunity & Digestion, Rich In Vitamin C",Mukhwas,"Foodgrains, Oil & Masala"
Pneri Mix Mouth Freshener - Helps Boost Immunity & Digestion,Mukhwas,"Foodgrains, Oil & Masala"
Wheat Maida - Refined & Bleached,Organic Flours,"Foodgrains, Oil & Masala"
Ginger Paste,Cooking Pastes,"Foodgrains, Oil & Masala"
"Ginger Paste - Thick & Grainy Texture, Aroma Protected",Cooking Pastes,"Foodgrains, Oil & Masala"
Ginger Paste - Thick & Grainy Texture,Cooking Pastes,"Foodgrains, Oil & Masala"
Spanish Corn - Roasted & Salted,Other Dry Fruits,"Foodgrains, Oil & Masala"
Organic Kadha Kwath/Kasaya With Jaggery/Bella - Immunity Booster,Organic Flours,"Foodgrains, Oil & Masala"
Crispy Dal Mukhwas Mouth Freshener - Helps Boost Immunity & Digestion,Mukhwas,"Foodgrains, Oil & Masala"
Pineapple Special Mouth Freshener - Helps Boost Immunity & Digestion,Mukhwas,"Foodgrains, Oil & Masala"
Chocolaty Mix Mouth Freshener - Helps Boost Immunity & Digestion,Mukhwas,"Foodgrains, Oil & Masala"
"Raisins - 100% Natural, Use In Cooking & Baking",Organic Dry Fruits,"Foodgrains, Oil & Masala"
Chicken Tandoori Masala,Powdered Spices,"Foodgrains, Oil & Masala"
Meat/Mutton Masala,Powdered Spices,"Foodgrains, Oil & Masala"
Paneer Masala,Powdered Spices,"Foodgrains, Oil & Masala"
Biriyani masala,Powdered Spices,"Foodgrains, Oil & Masala"
Pani Puri Masala,Powdered Spices,"Foodgrains, Oil & Masala"
"Coconut Oil - Cold Pressed, Organic, Great For Skin, Hair, Improves Metabolism","Organic Edible Oil, Ghee","Foodgrains, Oil & Masala"
Organic - Green Peas/Ona Batani,Organic Dals & Pulses,"Foodgrains, Oil & Masala"
Whole Wheat Flour,Organic Flours,"Foodgrains, Oil & Masala"
White Sesame Oil,"Organic Edible Oil, Ghee","Foodgrains, Oil & Masala"
Cowpea Black Eye,Organic Dals & Pulses,"Foodgrains, Oil & Masala"
Moong Split - Washed,Organic Dals & Pulses,"Foodgrains, Oil & Masala"
Moth/Patanga Huruli - Whole,Organic Dals & Pulses,"Foodgrains, Oil & Masala"
Panchrangi Dal,Organic Dals & Pulses,"Foodgrains, Oil & Masala"
Chitra Rajma/Capparadavare,Organic Dals & Pulses,"Foodgrains, Oil & Masala"
Jammu Rajma/Capparadavare,Organic Dals & Pulses,"Foodgrains, Oil & Masala"
Red Rajma/Capparadavare,Organic Dals & Pulses,"Foodgrains, Oil & Masala"
White Peas/Bili Batani,Organic Dals & Pulses,"Foodgrains, Oil & Masala"
Bay Leaves,Organic Masalas & Spices,"Foodgrains, Oil & Masala"
Brown Sugar/Sakkare,"Organic Sugar, Jaggery","Foodgrains, Oil & Masala"
Premium Cow Ghee/Tuppa,"Organic Edible Oil, Ghee","Foodgrains, Oil & Masala"
Organic - Red Rice Flour/Akki Hittu,Organic Flours,"Foodgrains, Oil & Masala"
Olive Oil - Extra Virgin,Olive & Canola Oils,"Foodgrains, Oil & Masala"
Shahi Garam Masala MC,Blended Masalas,"Foodgrains, Oil & Masala"
Jeera - Powder,Powdered Spices,"Foodgrains, Oil & Masala"
Jeera Kadu/Bitter Cumin,Whole Spices,"Foodgrains, Oil & Masala"
Olive Oil - Extra Light,Olive & Canola Oils,"Foodgrains, Oil & Masala"
Peri Peri Seasoning,Herbs & Seasoning,"Foodgrains, Oil & Masala"
Organic - Mustard/Sasive Big,Organic Masalas & Spices,"Foodgrains, Oil & Masala"
Organic - Mustard/Sasive/Rai Big,Organic Masalas & Spices,"Foodgrains, Oil & Masala"
Organic - Mustard/Rai Big,Organic Masalas & Spices,"Foodgrains, Oil & Masala"
Sugar/Sakkare - White Label,Sugar & Jaggery,"Foodgrains, Oil & Masala"
"Jaggery - Rich In Iron, Treats Anemia",Sugar & Jaggery,"Foodgrains, Oil & Masala"
Pav Bhaji Masala - Adds Flavour & Aroma,Blended Masalas,"Foodgrains, Oil & Masala"
Organic - Extra Virgin Olive Oil,"Organic Edible Oil, Ghee","Foodgrains, Oil & Masala"
Chana Masala - Adds Flavour & Aroma To Dishes,Blended Masalas,"Foodgrains, Oil & Masala"
"Extra Light Olive Oil - Frying, Sauteing & Grilling",Olive & Canola Oils,"Foodgrains, Oil & Masala"
Certified Organic Sesame Oil .,Gingelly Oil,"Foodgrains, Oil & Masala"
"Rice - Ponni, Boiled",Boiled & Steam Rice,"Foodgrains, Oil & Masala"
Boiled Rice/Beyisida Akki - Rajabogham Deluxe,Boiled & Steam Rice,"Foodgrains, Oil & Masala"
Triphala Powder,Organic Masalas & Spices,"Foodgrains, Oil & Masala"
Organic Coconut Oil,"Organic Edible Oil, Ghee","Foodgrains, Oil & Masala"
Nature's Super Foods Organic Moong Dal/Hesaru Bele,Organic Dals & Pulses,"Foodgrains, Oil & Masala"
Green Mung,"Toor, Channa & Moong Dal","Foodgrains, Oil & Masala"
Shahi Chicken Masala,Blended Masalas,"Foodgrains, Oil & Masala"
Kashmiri Rajma Masala,Blended Masalas,"Foodgrains, Oil & Masala"
Extra Virgin Olive Oil,Olive & Canola Oils,"Foodgrains, Oil & Masala"
Potato,"Potato, Onion & Tomato",Fruits & Vegetables
Tomato - Hybrid (Loose),"Potato, Onion & Tomato",Fruits & Vegetables
Tomato - Local (Loose),"Potato, Onion & Tomato",Fruits & Vegetables
Carrot - Orange (Loose),Root Vegetables,Fruits & Vegetables
Ladies Finger (Loose),"Beans, Brinjals & Okra",Fruits & Vegetables
Ridge Gourd,"Gourd, Pumpkin, Drumstick",Fruits & Vegetables
Coccinia (Loose),Cucumber & Capsicum,Fruits & Vegetables
Palak 250g+Ladies Finger 500g+Cucumber 1kg+Capsicum Green 500g+Bottle Gourd 1pc,Leafy Vegetables,Fruits & Vegetables
Radish - White (Loose),Root Vegetables,Fruits & Vegetables
Brinjal - Bottle Shape (Loose),"Beans, Brinjals & Okra",Fruits & Vegetables
"Methi/Venthaya Keerai - Cleaned, without roots",Leafy Vegetables,Fruits & Vegetables
Methi - With roots,Leafy Vegetables,Fruits & Vegetables
Garlic (Loose),"Lemon, Ginger & Garlic",Fruits & Vegetables
Ginger (Loose),"Lemon, Ginger & Garlic",Fruits & Vegetables
Brinjal Bottle Shape 500 g + Cauliflower 1 pc + Cabbage 1 pc,"Beans, Brinjals & Okra",Fruits & Vegetables
Carrot - Ooty (Loose),Root Vegetables,Fruits & Vegetables
Fresho Palak - Without Root 250 Gm + Amul Malai Paneer 200 Gm,Leafy Vegetables,Fruits & Vegetables
"Chilli - Green Long, Medium (Loose)","Lemon, Ginger & Garlic",Fruits & Vegetables
Curry Leaves,Indian & Exotic Herbs,Fruits & Vegetables
Bitter Gourd (Loose),"Gourd, Pumpkin, Drumstick",Fruits & Vegetables
"Mint Leaves - Cleaned, without roots",Leafy Vegetables,Fruits & Vegetables
Brinjal - Varikatri (Loose),"Beans, Brinjals & Okra",Fruits & Vegetables
Amla (Loose),Organic Vegetables,Fruits & Vegetables
Amla (Loose),Specialty,Fruits & Vegetables
Spring Onion - With roots,Leafy Vegetables,Fruits & Vegetables
Beans - Broad (Loose),"Beans, Brinjals & Okra",Fruits & Vegetables
Garlic - Peeled,Cut & Peeled Veggies,Fruits & Vegetables
Coconut - Large,Seasonal Fruits,Fruits & Vegetables
Drumstick/Moringa,"Gourd, Pumpkin, Drumstick",Fruits & Vegetables
Garlic - Organically Grown (Loose),Organic Vegetables,Fruits & Vegetables
Pomegranate - Peeled,"Cut Fruit, Tender Coconut",Fruits & Vegetables
"Amaranthus - Red Cleaned, without roots",Leafy Vegetables,Fruits & Vegetables
Beans - Cluster (Loose),"Beans, Brinjals & Okra",Fruits & Vegetables
Colocasia (Loose),Root Vegetables,Fruits & Vegetables
Watermelon - Organically Grown (Loose),Organic Fruits,Fruits & Vegetables
Snake Gourd,"Gourd, Pumpkin, Drumstick",Fruits & Vegetables
Pumpkin - Organically Grown (Loose),Organic Vegetables,Fruits & Vegetables
Matar Paneer,Cut & Peeled Veggies,Fruits & Vegetables
Beetroot - Organically Grown (Loose),Organic Vegetables,Fruits & Vegetables
Bitter Gourd - Organically Grown (Loose),Organic Vegetables,Fruits & Vegetables
Coconut - Organically Grown (Loose),Organic Fruits,Fruits & Vegetables
Pineapple,Apples & Pomegranate,Fruits & Vegetables
Dill Leaves,Indian & Exotic Herbs,Fruits & Vegetables
Dill Leaves,Leafy Vegetables,Fruits & Vegetables
Sambar Onion - Peeled (Small Onion),Cut & Peeled Veggies,Fruits & Vegetables
"Amaranthus - Green Cleaned, without roots",Leafy Vegetables,Fruits & Vegetables
Green Peas - Peeled,Cut & Peeled Veggies,Fruits & Vegetables
Baby Corn - Peeled,Cut & Peeled Veggies,Fruits & Vegetables
Cabbage - Organically Grown (Loose),Organic Vegetables,Fruits & Vegetables
